id,name,age,salary,join_date,city
1,Sara Zaki,120,34425.0,2020-01-01,Unknown
2,Sara Zaki,61,26309.0,2020-01-01,Alexandria
3,Mahmoud Samir,67,34425.0,2020-01-01,Cairo
4,Youssef Khaled,61,34425.0,2020-01-01,Luxor
5,Mona Saad,61,34425.0,2007-07-16,Aswan
6,Mona Hassan,61,34425.0,2020-01-01,Luxor
7,Nour Hassan,61,8814.0,2020-01-01,Giza
8,Youssef Ibrahim,12,34425.0,2020-01-01,Cairo
9,Mona Mostafa,61,34425.0,2020-01-01,Alexandria
10,Youssef Farid,61,18060.0,2020-01-01,Luxor
11,Hossam Ibrahim,61,34425.0,2020-01-01,Luxor
12,Sara Samir,61,34425.0,2020-01-01,Unknown
13,Omar Zaki,61,39277.0,2020-01-01,Alexandria
14,Omar Samir,61,34425.0,2001-05-14,Cairo
15,Mona Samir,53,34425.0,2020-01-01,Alexandria
16,Laila Hassan,61,34425.0,2020-01-01,Giza
17,Ali Younis,74,34425.0,2001-06-12,Unknown
18,Laila Khaled,61,34425.0,2008-03-15,Cairo
19,Youssef Farid,65,34425.0,2020-01-01,Giza
20,Sara Samir,61,34425.0,2020-01-01,Cairo
21,Nour Ahmed,61,34425.0,2007-08-28,Unknown
22,Laila Khaled,61,34425.0,2007-08-05,Mansoura
23,Youssef Younis,75,34425.0,2006-05-27,Luxor
24,Ali Saad,61,34425.0,2020-01-01,Giza
25,Youssef Zaki,23,4853.0,2020-01-01,Tanta
26,Sara Samir,31,34425.0,2023-07-06,Tanta
27,Aya Hassan,61,34425.0,2017-02-27,Cairo
28,Nour Younis,115,34425.0,2020-01-01,Alexandria
29,Aya Younis,66,34425.0,2020-01-01,Cairo
30,Mahmoud Younis,61,34425.0,2020-01-01,Alexandria
31,Mahmoud Samir,61,34425.0,2020-01-01,Aswan
32,Omar Khaled,76,34425.0,2020-01-01,Aswan
33,Hossam Mostafa,61,27198.0,2020-01-01,Luxor
34,Youssef Ibrahim,61,34425.0,2020-01-01,Luxor
35,Mona Mostafa,61,34425.0,2015-12-07,Giza
36,Mona Mostafa,26,31230.0,2000-11-12,Giza
37,Omar Zaki,32,34425.0,2020-01-01,Unknown
38,Omar Samir,61,21585.0,2009-12-21,Aswan
39,Omar Mostafa,107,34425.0,2020-12-04,Giza
40,Mahmoud Mostafa,61,34425.0,2020-01-01,Unknown
41,Nour Saad,61,34425.0,2020-01-01,Giza
42,Aya Ahmed,61,34425.0,2000-09-19,Mansoura
43,Nour Mostafa,61,48705.0,2000-02-14,Tanta
44,Omar Zaki,89,34425.0,2020-01-01,Alexandria
45,Laila Ahmed,64,34425.0,2008-03-24,Alexandria
46,Youssef Farid,61,34425.0,2020-01-01,Tanta
47,Nour Khaled,61,34425.0,2017-05-26,Mansoura
48,Nour Khaled,5,34425.0,2020-01-01,Cairo
49,Ali Ibrahim,52,19237.0,2020-01-01,Alexandria
50,Mahmoud Khaled,54,46780.0,2020-01-01,Cairo
51,Youssef Zaki,31,5372.0,2011-04-13,Alexandria
52,Hossam Zaki,61,10180.0,2020-01-01,Giza
53,Mona Hassan,61,34425.0,2002-05-29,Mansoura
54,Mahmoud Khaled,36,34425.0,2003-11-03,Alexandria
55,Sara Farid,61,10824.0,2011-01-13,Alexandria
56,Youssef Samir,61,34425.0,2020-01-01,Giza
57,Omar Mostafa,61,11466.0,2020-01-01,Tanta
58,Ali Farid,61,34425.0,2020-01-01,Giza
59,Nour Zaki,16,41639.0,2020-01-01,Luxor
60,Ali Ahmed,61,34425.0,2020-01-01,Giza
61,Nour Ibrahim,61,34425.0,2020-01-01,Mansoura
62,Mona Khaled,61,34425.0,2019-01-03,Luxor
63,Aya Khaled,61,34425.0,2020-01-01,Mansoura
64,Hossam Ibrahim,73,34425.0,2014-04-23,Cairo
65,Omar Khaled,63,34425.0,2020-01-01,Giza
66,Laila Ahmed,61,14831.0,2020-01-01,Cairo
67,Omar Ibrahim,61,34425.0,2020-01-01,Cairo
68,Aya Hassan,61,34425.0,2020-01-01,Alexandria
69,Nour Ibrahim,61,34425.0,2020-01-01,Aswan
70,Laila Younis,76,34425.0,2007-04-26,Aswan
71,Aya Zaki,61,34425.0,2020-01-01,Aswan
72,Mahmoud Khaled,83,34425.0,2020-01-01,Mansoura
73,Aya Samir,61,9403.0,2020-01-01,Cairo
74,Aya Ibrahim,61,34425.0,2020-01-01,Cairo
75,Aya Samir,61,34425.0,2020-01-01,Alexandria
76,Youssef Khaled,61,40550.0,2015-04-25,Giza
77,Mona Ahmed,61,34425.0,2020-01-01,Giza
78,Hossam Zaki,63,34425.0,2020-01-01,Alexandria
79,Sara Ahmed,61,34425.0,2020-01-01,Alexandria
80,Nour Samir,61,34425.0,2020-01-01,Cairo
81,Aya Zaki,61,34425.0,2011-01-11,Luxor
82,Aya Ibrahim,61,34425.0,2002-02-23,Giza
83,Youssef Ahmed,61,34425.0,2015-08-05,Unknown
84,Sara Farid,81,34425.0,2020-01-01,Alexandria
85,Mona Samir,61,34425.0,2016-10-01,Luxor
86,Aya Younis,61,3602.0,2020-01-01,Luxor
87,Ali Zaki,61,34425.0,2020-01-01,Tanta
88,Aya Samir,61,34425.0,2020-01-01,Aswan
89,Mona Mostafa,62,34425.0,2009-02-24,Giza
90,Sara Khaled,104,34425.0,2020-01-01,Mansoura
91,Mahmoud Zaki,61,34473.0,2018-04-02,Aswan
92,Mahmoud Hassan,61,34425.0,2020-01-01,Unknown
93,Hossam Mostafa,61,7597.0,2022-09-18,Giza
94,Nour Younis,61,34425.0,2020-01-01,Unknown
95,Nour Mostafa,61,34425.0,2013-05-27,Unknown
96,Omar Saad,61,34425.0,2020-01-01,Giza
97,Hossam Saad,61,34425.0,2020-01-01,Aswan
98,Omar Zaki,91,44219.0,2006-04-02,Alexandria
99,Hossam Hassan,61,34425.0,2004-07-15,Giza
100,Omar Mostafa,61,3131.0,2020-01-01,Unknown
101,Sara Farid,47,13897.0,2020-01-01,Unknown
102,Mona Zaki,61,34425.0,2020-01-01,Mansoura
103,Laila Younis,61,45064.0,2020-01-01,Giza
104,Mahmoud Hassan,61,36128.0,2020-01-01,Cairo
105,Mona Samir,101,34425.0,2018-08-15,Aswan
106,Laila Farid,36,6210.0,2020-01-01,Tanta
107,Youssef Samir,61,34425.0,2024-11-13,Luxor
108,Nour Younis,61,34425.0,2018-10-03,Giza
109,Hossam Younis,61,34425.0,2020-01-01,Aswan
110,Laila Khaled,61,34425.0,2020-01-01,Luxor
111,Sara Younis,61,34425.0,2020-01-01,Cairo
112,Mahmoud Hassan,61,34425.0,2020-01-01,Luxor
113,Mona Ibrahim,61,34425.0,2003-10-25,Cairo
114,Laila Farid,111,34425.0,2019-12-15,Giza
115,Youssef Zaki,36,34425.0,2005-07-04,Unknown
116,Hossam Hassan,40,34425.0,2020-01-01,Unknown
117,Omar Ahmed,9,34425.0,2020-01-01,Luxor
118,Laila Younis,61,34425.0,2020-01-01,Aswan
119,Ali Khaled,61,34425.0,2020-01-01,Cairo
120,Sara Ahmed,98,34425.0,2020-01-01,Cairo
121,Mahmoud Samir,61,34425.0,2020-01-01,Giza
122,Omar Farid,115,34425.0,2020-01-01,Unknown
123,Laila Farid,61,34425.0,2019-12-04,Cairo
124,Mona Ibrahim,75,34425.0,2002-03-10,Cairo
125,Youssef Farid,61,34425.0,2020-01-01,Cairo
126,Youssef Younis,33,7940.0,2020-01-01,Luxor
127,Laila Ahmed,0,31234.0,2018-10-27,Luxor
128,Ali Hassan,61,34425.0,2020-01-01,Aswan
129,Omar Ibrahim,61,34425.0,2020-01-01,Giza
130,Youssef Zaki,118,34425.0,2020-01-01,Alexandria
131,Laila Samir,65,34425.0,2020-01-01,Alexandria
132,Omar Ibrahim,61,34425.0,2012-03-10,Luxor
133,Ali Mostafa,40,14003.0,2020-01-01,Cairo
134,Nour Khaled,61,25101.0,2020-01-01,Unknown
135,Sara Saad,17,14142.0,2020-01-01,Tanta
136,Nour Hassan,25,20505.0,2020-01-01,Aswan
137,Hossam Saad,61,34425.0,2004-01-06,Giza
138,Nour Hassan,61,34425.0,2020-01-01,Cairo
139,Omar Saad,61,34425.0,2020-01-01,Cairo
140,Sara Younis,61,34425.0,2020-01-01,Cairo
141,Omar Ibrahim,61,34425.0,2020-01-01,Mansoura
142,Aya Samir,75,34425.0,2020-01-01,Aswan
143,Mahmoud Ibrahim,61,34425.0,2020-01-01,Giza
144,Mahmoud Farid,61,34425.0,2020-01-01,Luxor
145,Omar Ibrahim,61,34425.0,2020-01-01,Alexandria
146,Ali Samir,61,34425.0,2020-01-01,Cairo
147,Nour Saad,61,34425.0,2020-01-01,Giza
148,Ali Mostafa,61,48085.0,2020-01-01,Cairo
149,Hossam Ahmed,61,34425.0,2020-01-01,Alexandria
150,Mona Younis,61,34425.0,2018-04-09,Tanta
151,Mahmoud Younis,89,40859.0,2020-01-01,Giza
152,Laila Ibrahim,61,34425.0,2013-04-02,Giza
153,Laila Saad,61,34425.0,2003-10-13,Alexandria
154,Mona Samir,61,34425.0,2020-01-01,Tanta
155,Hossam Saad,61,34425.0,2020-01-01,Tanta
156,Sara Ibrahim,61,42738.0,2020-01-01,Luxor
157,Sara Samir,61,34425.0,2020-01-01,Cairo
158,Ali Hassan,36,34425.0,2023-09-18,Unknown
159,Youssef Saad,61,34425.0,2020-01-01,Tanta
160,Ali Samir,61,34425.0,2020-01-01,Unknown
161,Ali Khaled,68,34425.0,2020-01-01,Unknown
162,Ali Samir,61,43270.0,2004-12-15,Alexandria
163,Nour Samir,106,34425.0,2020-01-01,Tanta
164,Mona Saad,61,34425.0,2020-01-01,Alexandria
165,Laila Khaled,61,34425.0,2020-01-01,Unknown
166,Aya Khaled,26,41198.0,2020-01-01,Unknown
167,Mahmoud Younis,61,34425.0,2024-06-25,Giza
168,Aya Younis,61,34425.0,2001-03-07,Aswan
169,Omar Saad,61,30729.0,2022-07-24,Aswan
170,Nour Younis,61,34425.0,2020-01-01,Luxor
171,Mahmoud Ibrahim,45,34425.0,2015-09-24,Luxor
172,Omar Zaki,61,42281.0,2020-01-01,Tanta
173,Sara Samir,61,34425.0,2020-01-01,Luxor
174,Laila Younis,61,34425.0,2020-01-01,Cairo
175,Aya Khaled,61,34568.0,2017-03-01,Unknown
176,Omar Ahmed,61,4154.0,2020-01-01,Cairo
177,Laila Farid,61,23535.0,2024-04-14,Luxor
178,Ali Ahmed,61,34425.0,2024-11-02,Giza
179,Laila Zaki,93,34425.0,2020-01-01,Cairo
180,Ali Zaki,61,34425.0,2020-01-01,Giza
181,Mona Samir,61,4508.0,2020-01-01,Giza
182,Mahmoud Khaled,61,34425.0,2016-11-24,Tanta
183,Sara Samir,61,34425.0,2020-01-01,Mansoura
184,Laila Ibrahim,61,44485.0,2020-01-01,Tanta
185,Laila Younis,98,34425.0,2020-01-01,Mansoura
186,Hossam Khaled,61,34425.0,2017-10-02,Tanta
187,Laila Mostafa,61,45862.0,2020-01-01,Giza
188,Youssef Mostafa,61,34425.0,2020-01-01,Cairo
189,Mona Mostafa,61,34425.0,2020-01-01,Giza
190,Aya Younis,38,34425.0,2016-09-11,Unknown
191,Mona Samir,61,36909.0,2023-04-15,Unknown
192,Laila Farid,61,34425.0,2001-08-12,Tanta
193,Nour Saad,72,21559.0,2020-01-01,Unknown
194,Omar Mostafa,61,34425.0,2000-06-11,Mansoura
195,Omar Ahmed,61,34425.0,2020-01-01,Cairo
196,Mahmoud Mostafa,56,34425.0,2020-01-01,Unknown
197,Omar Younis,61,6219.0,2015-10-06,Tanta
198,Mona Samir,61,34425.0,2020-01-01,Giza
199,Laila Saad,61,9936.0,2009-09-25,Aswan
200,Hossam Mostafa,61,34425.0,2023-05-17,Giza
